{"root":{"tags":null,"delegatePickingToChildren":false,"renderToIntermediateTexture":false,"maxLayoutCycle":3,"adaptHeightToChildren":false,"adaptWidthToChildren":false,"background":"#00000000","metadata":{"_previousCenter":{"x":1,"y":1}},"isHitTestVisible":true,"isPointerBlocker":false,"isFocusInvisible":false,"clipChildren":true,"clipContent":true,"useBitmapCache":false,"shadowOffsetX":0,"shadowOffsetY":0,"shadowBlur":0,"shadowColor":"#DC5F00","hoverCursor":"","alpha":1,"isSerializable":true,"scaleX":1,"scaleY":1,"rotation":0,"transformCenterY":0.5,"transformCenterX":0.5,"horizontalAlignment":2,"verticalAlignment":2,"fixedRatio":0,"fixedRatioMasterIsWidth":true,"width":"100%","height":"100%","color":"#00000000","zIndex":0,"notRenderable":false,"isVisible":true,"descendantsOnlyPadding":false,"paddingLeft":"0px","paddingRight":"0px","paddingTop":"0px","paddingBottom":"0px","left":"0%","top":"0%","linkOffsetX":"0px","linkOffsetY":"0px","isEnabled":true,"disabledColor":"#9a9a9a","disabledColorItem":"#6a6a6a","name":"root","className":"Container","fontSize":"18px","children":[{"tags":null,"thickness":1,"cornerRadius":0,"cornerRadiusX":0,"cornerRadiusY":0,"cornerRadiusZ":0,"cornerRadiusW":0,"delegatePickingToChildren":false,"renderToIntermediateTexture":false,"maxLayoutCycle":3,"adaptHeightToChildren":false,"adaptWidthToChildren":false,"background":"#CCCCCC00","metadata":{"_previousCenter":{"x":1,"y":197.97000122070312},"localBounds":{"left":-166.5,"top":-61.047,"right":166.5,"bottom":84.55},"storedValues":{"left":0,"top":185.22,"right":333,"bottom":307.31399999999996}},"isHitTestVisible":true,"isPointerBlocker":true,"isFocusInvisible":false,"clipChildren":true,"clipContent":true,"useBitmapCache":false,"shadowOffsetX":0,"shadowOffsetY":0,"shadowBlur":0,"shadowColor":"black","hoverCursor":"","alpha":1,"isSerializable":true,"scaleX":1,"scaleY":1,"rotation":0,"transformCenterY":0.5,"transformCenterX":0.5,"horizontalAlignment":2,"verticalAlignment":2,"fixedRatio":0,"fixedRatioMasterIsWidth":false,"width":"100%","height":"24.47%","color":"#00000000","zIndex":0,"notRenderable":false,"isVisible":true,"descendantsOnlyPadding":false,"paddingLeft":"0px","paddingRight":"0px","paddingTop":"0px","paddingBottom":"0px","left":"0px","top":"196.97px","linkOffsetX":"0px","linkOffsetY":"0px","isEnabled":true,"disabledColor":"#9a9a9a","disabledColorItem":"#6a6a6a","name":"RectangleTouch","className":"Rectangle","fontSize":"18px","children":[{"tags":null,"thickness":1,"cornerRadius":0,"cornerRadiusX":0,"cornerRadiusY":0,"cornerRadiusZ":0,"cornerRadiusW":0,"delegatePickingToChildren":false,"renderToIntermediateTexture":false,"maxLayoutCycle":3,"adaptHeightToChildren":false,"adaptWidthToChildren":false,"background":"#333333","metadata":{"_previousCenter":{"x":-83.30570220947266,"y":-2.4679999351501465},"localBounds":{"left":-20.935,"top":-39.28,"right":43.99,"bottom":20},"storedValues":{"left":-107.32161553044395,"top":7.048605034940874,"right":-65.45161553044395,"bottom":47.04860503494088}},"isHitTestVisible":true,"isPointerBlocker":true,"isFocusInvisible":false,"clipChildren":true,"clipContent":true,"useBitmapCache":false,"shadowOffsetX":0,"shadowOffsetY":0,"shadowBlur":0,"shadowColor":"black","hoverCursor":"","fontOffset":{"ascent":19,"height":25,"descent":6},"alpha":0.5,"isSerializable":true,"scaleX":1,"scaleY":1,"rotation":0,"transformCenterY":0.5,"transformCenterX":0.5,"horizontalAlignment":2,"verticalAlignment":2,"fixedRatio":0,"fixedRatioMasterIsWidth":false,"width":"65.33px","height":"60.26px","color":"#ffffff","zIndex":0,"notRenderable":false,"isVisible":true,"descendantsOnlyPadding":false,"paddingLeft":"0px","paddingRight":"0px","paddingTop":"0px","paddingBottom":"0px","left":"-25.47%","top":"-2.89%","linkOffsetX":"0px","linkOffsetY":"0px","isEnabled":true,"disabledColor":"#9a9a9a","disabledColorItem":"#6a6a6a","name":"ButtonLeft","className":"Button","fontSize":"15%","children":[{"tags":null,"resizeToFit":false,"textWrapping":1,"text":"⇦ ","textHorizontalAlignment":2,"textVerticalAlignment":2,"lineSpacing":"0px","outlineWidth":0,"underline":false,"lineThrough":false,"applyOutlineToUnderline":false,"outlineColor":"white","wordDivider":" ","forceResizeWidth":false,"metadata":{"_previousCenter":{"x":1,"y":1}},"isHitTestVisible":true,"isPointerBlocker":false,"isFocusInvisible":false,"clipChildren":true,"clipContent":true,"useBitmapCache":false,"shadowOffsetX":0,"shadowOffsetY":0,"shadowBlur":0,"shadowColor":"black","hoverCursor":"","fontOffset":{"ascent":42,"height":53,"descent":11},"alpha":1,"isSerializable":true,"scaleX":1,"scaleY":1,"rotation":0,"transformCenterY":0.5,"transformCenterX":0.5,"horizontalAlignment":2,"verticalAlignment":2,"fixedRatio":0,"fixedRatioMasterIsWidth":true,"width":"100%","height":"100%","color":"","zIndex":0,"notRenderable":false,"isVisible":true,"descendantsOnlyPadding":false,"paddingLeft":"0px","paddingRight":"0px","paddingTop":"0px","paddingBottom":"0px","left":"0px","top":"0px","linkOffsetX":"0px","linkOffsetY":"0px","isEnabled":true,"disabledColor":"#9a9a9a","disabledColorItem":"#6a6a6a","name":"Button_button","className":"TextBlock","fontSize":"80.7%"}],"textBlockName":"Button_button"},{"tags":null,"thickness":1,"cornerRadius":0,"cornerRadiusX":0,"cornerRadiusY":0,"cornerRadiusZ":0,"cornerRadiusW":0,"delegatePickingToChildren":false,"renderToIntermediateTexture":false,"maxLayoutCycle":3,"adaptHeightToChildren":false,"adaptWidthToChildren":false,"background":"#333333","metadata":{"_previousCenter":{"x":85.30570220947266,"y":-4.447999954223633},"localBounds":{"left":-20.935,"top":-39.28,"right":43.99,"bottom":20},"storedValues":{"left":-107.32161553044395,"top":7.048605034940874,"right":-65.45161553044395,"bottom":47.04860503494088}},"isHitTestVisible":true,"isPointerBlocker":true,"isFocusInvisible":false,"clipChildren":true,"clipContent":true,"useBitmapCache":false,"shadowOffsetX":0,"shadowOffsetY":0,"shadowBlur":0,"shadowColor":"black","hoverCursor":"","fontOffset":{"ascent":19,"height":25,"descent":6},"alpha":0.5,"isSerializable":true,"scaleX":1,"scaleY":1,"rotation":0,"transformCenterY":0.5,"transformCenterX":0.5,"horizontalAlignment":2,"verticalAlignment":2,"fixedRatio":0,"fixedRatioMasterIsWidth":false,"width":"65.33px","height":"60.26px","color":"#ffffff","zIndex":0,"notRenderable":false,"isVisible":true,"descendantsOnlyPadding":false,"paddingLeft":"0px","paddingRight":"0px","paddingTop":"0px","paddingBottom":"0px","left":"25.47%","top":"-4.54%","linkOffsetX":"0px","linkOffsetY":"0px","isEnabled":true,"disabledColor":"#9a9a9a","disabledColorItem":"#6a6a6a","name":"ButtonRight","className":"Button","fontSize":"15%","children":[{"tags":null,"resizeToFit":false,"textWrapping":1,"text":"⇨ ","textHorizontalAlignment":2,"textVerticalAlignment":2,"lineSpacing":"0px","outlineWidth":0,"underline":false,"lineThrough":false,"applyOutlineToUnderline":false,"outlineColor":"white","wordDivider":" ","forceResizeWidth":false,"metadata":{"_previousCenter":{"x":1,"y":1}},"isHitTestVisible":true,"isPointerBlocker":false,"isFocusInvisible":false,"clipChildren":true,"clipContent":true,"useBitmapCache":false,"shadowOffsetX":0,"shadowOffsetY":0,"shadowBlur":0,"shadowColor":"black","hoverCursor":"","fontOffset":{"ascent":42,"height":53,"descent":11},"alpha":1,"isSerializable":true,"scaleX":1,"scaleY":1,"rotation":0,"transformCenterY":0.5,"transformCenterX":0.5,"horizontalAlignment":2,"verticalAlignment":2,"fixedRatio":0,"fixedRatioMasterIsWidth":true,"width":"100%","height":"100%","color":"","zIndex":0,"notRenderable":false,"isVisible":true,"descendantsOnlyPadding":false,"paddingLeft":"0px","paddingRight":"0px","paddingTop":"0px","paddingBottom":"0px","left":"0px","top":"0px","linkOffsetX":"0px","linkOffsetY":"0px","isEnabled":true,"disabledColor":"#9a9a9a","disabledColorItem":"#6a6a6a","name":"Button_button","className":"TextBlock","fontSize":"80.7%"}],"textBlockName":"Button_button"},{"tags":null,"thickness":1,"cornerRadius":0,"cornerRadiusX":0,"cornerRadiusY":0,"cornerRadiusZ":0,"cornerRadiusW":0,"delegatePickingToChildren":false,"renderToIntermediateTexture":false,"maxLayoutCycle":3,"adaptHeightToChildren":false,"adaptWidthToChildren":false,"background":"#333333","metadata":{"_previousCenter":{"x":1,"y":-29.540000915527344},"localBounds":{"left":-20.935,"top":-39.28,"right":43.99,"bottom":20},"storedValues":{"left":-107.32161553044395,"top":7.048605034940874,"right":-65.45161553044395,"bottom":47.04860503494088}},"isHitTestVisible":true,"isPointerBlocker":true,"isFocusInvisible":false,"clipChildren":true,"clipContent":true,"useBitmapCache":false,"shadowOffsetX":0,"shadowOffsetY":0,"shadowBlur":0,"shadowColor":"black","hoverCursor":"","fontOffset":{"ascent":19,"height":25,"descent":6},"alpha":0.5,"isSerializable":true,"scaleX":1,"scaleY":1,"rotation":0,"transformCenterY":0.5,"transformCenterX":0.5,"horizontalAlignment":2,"verticalAlignment":2,"fixedRatio":0,"fixedRatioMasterIsWidth":false,"width":"65.33px","height":"60.26px","color":"#ffffff","zIndex":0,"notRenderable":false,"isVisible":true,"descendantsOnlyPadding":false,"paddingLeft":"0px","paddingRight":"0px","paddingTop":"0px","paddingBottom":"0px","left":"0px","top":"-30.54px","linkOffsetX":"0px","linkOffsetY":"0px","isEnabled":true,"disabledColor":"#9a9a9a","disabledColorItem":"#6a6a6a","name":"ButtonUp","className":"Button","fontSize":"15%","children":[{"tags":null,"resizeToFit":false,"textWrapping":1,"text":"⇧ ","textHorizontalAlignment":2,"textVerticalAlignment":2,"lineSpacing":"0px","outlineWidth":0,"underline":false,"lineThrough":false,"applyOutlineToUnderline":false,"outlineColor":"white","wordDivider":" ","forceResizeWidth":false,"metadata":{"_previousCenter":{"x":1,"y":1}},"isHitTestVisible":true,"isPointerBlocker":false,"isFocusInvisible":false,"clipChildren":true,"clipContent":true,"useBitmapCache":false,"shadowOffsetX":0,"shadowOffsetY":0,"shadowBlur":0,"shadowColor":"black","hoverCursor":"","fontOffset":{"ascent":42,"height":53,"descent":11},"alpha":1,"isSerializable":true,"scaleX":1,"scaleY":1,"rotation":0,"transformCenterY":0.5,"transformCenterX":0.5,"horizontalAlignment":2,"verticalAlignment":2,"fixedRatio":0,"fixedRatioMasterIsWidth":true,"width":"100%","height":"100%","color":"","zIndex":0,"notRenderable":false,"isVisible":true,"descendantsOnlyPadding":false,"paddingLeft":"0px","paddingRight":"0px","paddingTop":"0px","paddingBottom":"0px","left":"0px","top":"0px","linkOffsetX":"0px","linkOffsetY":"0px","isEnabled":true,"disabledColor":"#9a9a9a","disabledColorItem":"#6a6a6a","name":"Button_button","className":"TextBlock","fontSize":"80.7%"}],"textBlockName":"Button_button"},{"tags":null,"thickness":1,"cornerRadius":0,"cornerRadiusX":0,"cornerRadiusY":0,"cornerRadiusZ":0,"cornerRadiusW":0,"delegatePickingToChildren":false,"renderToIntermediateTexture":false,"maxLayoutCycle":3,"adaptHeightToChildren":false,"adaptWidthToChildren":false,"background":"#333333","metadata":{"_previousCenter":{"x":1,"y":44.459999084472656},"localBounds":{"left":-20.935,"top":-39.28,"right":43.99,"bottom":20},"storedValues":{"left":-107.32161553044395,"top":7.048605034940874,"right":-65.45161553044395,"bottom":47.04860503494088}},"isHitTestVisible":true,"isPointerBlocker":true,"isFocusInvisible":false,"clipChildren":true,"clipContent":true,"useBitmapCache":false,"shadowOffsetX":0,"shadowOffsetY":0,"shadowBlur":0,"shadowColor":"black","hoverCursor":"","fontOffset":{"ascent":19,"height":25,"descent":6},"alpha":0.5,"isSerializable":true,"scaleX":1,"scaleY":1,"rotation":0,"transformCenterY":0.5,"transformCenterX":0.5,"horizontalAlignment":2,"verticalAlignment":2,"fixedRatio":0,"fixedRatioMasterIsWidth":true,"width":"19.74%","height":"42.14%","color":"#ffffff","zIndex":0,"notRenderable":false,"isVisible":true,"descendantsOnlyPadding":false,"paddingLeft":"0px","paddingRight":"0px","paddingTop":"0px","paddingBottom":"0px","left":"0px","top":"43.46px","linkOffsetX":"0px","linkOffsetY":"0px","isEnabled":true,"disabledColor":"#9a9a9a","disabledColorItem":"#6a6a6a","name":"ButtonDown","className":"Button","fontSize":"15%","children":[{"tags":null,"resizeToFit":false,"textWrapping":1,"text":"⇩","textHorizontalAlignment":2,"textVerticalAlignment":2,"lineSpacing":"0px","outlineWidth":0,"underline":false,"lineThrough":false,"applyOutlineToUnderline":false,"outlineColor":"white","wordDivider":" ","forceResizeWidth":false,"metadata":{"_previousCenter":{"x":1,"y":1}},"isHitTestVisible":true,"isPointerBlocker":false,"isFocusInvisible":false,"clipChildren":true,"clipContent":true,"useBitmapCache":false,"shadowOffsetX":0,"shadowOffsetY":0,"shadowBlur":0,"shadowColor":"black","hoverCursor":"","fontOffset":{"ascent":42,"height":53,"descent":11},"alpha":1,"isSerializable":true,"scaleX":1,"scaleY":1,"rotation":0,"transformCenterY":0.5,"transformCenterX":0.5,"horizontalAlignment":2,"verticalAlignment":2,"fixedRatio":0,"fixedRatioMasterIsWidth":true,"width":"100%","height":"100%","color":"","zIndex":0,"notRenderable":false,"isVisible":true,"descendantsOnlyPadding":false,"paddingLeft":"0px","paddingRight":"0px","paddingTop":"0px","paddingBottom":"0px","left":"0px","top":"0px","linkOffsetX":"0px","linkOffsetY":"0px","isEnabled":true,"disabledColor":"#9a9a9a","disabledColorItem":"#6a6a6a","name":"Button_button","className":"TextBlock","fontSize":"80.7%"}],"textBlockName":"Button_button"}]},{"tags":null,"resizeToFit":false,"textWrapping":1,"text":"            \"🕰️ Em um pêndulo simples, o período de oscilação é diretamente proporcional à raiz quadrada do comprimento do fio e inversamente proporcional à raiz quadrada da aceleração da gravidade.\",","textHorizontalAlignment":2,"textVerticalAlignment":2,"lineSpacing":"0px","outlineWidth":0,"underline":false,"lineThrough":false,"applyOutlineToUnderline":false,"outlineColor":"white","wordDivider":" ","forceResizeWidth":false,"metadata":{"_previousCenter":{"x":-1.6140499114990234,"y":-136.63157653808594},"localBounds":{"left":-151.79805000000002,"top":-99.0675,"right":151.79805000000002,"bottom":99.07},"storedValues":{"left":13.186799999999998,"top":-291.99222222222215,"right":316.78290000000004,"bottom":-93.85722222222216}},"isHitTestVisible":true,"isPointerBlocker":true,"isFocusInvisible":false,"clipChildren":true,"clipContent":true,"useBitmapCache":false,"shadowOffsetX":2,"shadowOffsetY":2,"shadowBlur":1,"shadowColor":"#333333FF","hoverCursor":"","fontOffset":{"ascent":17,"height":22,"descent":5},"alpha":1,"isSerializable":true,"scaleX":1,"scaleY":1,"rotation":0,"transformCenterY":0.5,"transformCenterX":0.5,"horizontalAlignment":0,"verticalAlignment":1,"fixedRatio":0,"fixedRatioMasterIsWidth":false,"width":"91.17%","height":"33.3%","color":"#FFFFFFFF","zIndex":0,"notRenderable":false,"isVisible":true,"descendantsOnlyPadding":false,"paddingLeft":"0px","paddingRight":"0px","paddingTop":"0px","paddingBottom":"0px","left":"12.0879px","top":"-336.0640740740739px","linkOffsetX":"0px","linkOffsetY":"0px","isEnabled":true,"disabledColor":"#9a9a9a","disabledColorItem":"#6a6a6a","name":"TextblockCenterPhrase","className":"TextBlock","fontSize":"18.48px"},{"tags":null,"resizeToFit":false,"textWrapping":0,"text":"Goals: 0 ","textHorizontalAlignment":2,"textVerticalAlignment":2,"lineSpacing":"0px","outlineWidth":0,"underline":false,"lineThrough":false,"applyOutlineToUnderline":false,"outlineColor":"white","wordDivider":" ","forceResizeWidth":false,"metadata":{"_previousCenter":{"x":0.08424997329711914,"y":-267.10699462890625},"localBounds":{"left":-151.79805000000002,"top":-13.71475,"right":151.79805000000002,"bottom":22.8},"storedValues":{"left":13.7862,"top":-556.444,"right":317.38230000000004,"bottom":-529.0145}},"isHitTestVisible":true,"isPointerBlocker":true,"isFocusInvisible":false,"clipChildren":true,"clipContent":true,"useBitmapCache":false,"shadowOffsetX":2.4,"shadowOffsetY":3.9,"shadowBlur":11,"shadowColor":"#000000FF","hoverCursor":"","fontOffset":{"ascent":25,"height":32,"descent":7},"alpha":1,"isSerializable":true,"scaleX":1,"scaleY":1,"rotation":0,"transformCenterY":0.5,"transformCenterX":0.5,"horizontalAlignment":0,"verticalAlignment":1,"fixedRatio":0,"fixedRatioMasterIsWidth":false,"width":"91.17%","height":"6.14%","color":"#FFFFFFFF","zIndex":0,"notRenderable":false,"isVisible":true,"descendantsOnlyPadding":false,"paddingLeft":"0px","paddingRight":"0px","paddingTop":"0px","paddingBottom":"0px","left":"4.14%","top":"-91.99%","linkOffsetX":"0px","linkOffsetY":"0px","isEnabled":true,"disabledColor":"#9a9a9a","disabledColorItem":"#6a6a6a","name":"TextblockLevel","className":"TextBlock","fontSize":"4.62%"},{"tags":null,"thickness":1,"cornerRadius":0,"cornerRadiusX":0,"cornerRadiusY":0,"cornerRadiusZ":0,"cornerRadiusW":0,"delegatePickingToChildren":false,"renderToIntermediateTexture":false,"maxLayoutCycle":3,"adaptHeightToChildren":false,"adaptWidthToChildren":false,"background":"#FFFFFF96","metadata":{"_previousCenter":{"x":1,"y":252.1197509765625},"localBounds":{"left":-166.5,"top":-52.122,"right":166.5,"bottom":41.35},"storedValues":{"left":0,"top":11.1265,"right":333,"bottom":115.37049999999999}},"isHitTestVisible":true,"isPointerBlocker":true,"isFocusInvisible":false,"clipChildren":true,"clipContent":true,"useBitmapCache":false,"shadowOffsetX":0,"shadowOffsetY":0,"shadowBlur":0,"shadowColor":"black","hoverCursor":"","fontOffset":{"ascent":10,"height":14,"descent":4},"alpha":1,"isSerializable":true,"scaleX":1,"scaleY":1,"rotation":0,"transformCenterY":0.5,"transformCenterX":0.5,"horizontalAlignment":0,"verticalAlignment":1,"fixedRatio":0,"fixedRatioMasterIsWidth":false,"width":"100%","height":"15.71%","color":"#00000000","zIndex":0,"notRenderable":false,"isVisible":true,"descendantsOnlyPadding":false,"paddingLeft":"0px","paddingRight":"0px","paddingTop":"0px","paddingBottom":"0px","left":"0%","top":"0.06%","linkOffsetX":"0px","linkOffsetY":"0px","isEnabled":true,"disabledColor":"#9a9a9a","disabledColorItem":"#6a6a6a","name":"RectangleTop","className":"Rectangle","fontSize":"1.8799999999999997%","children":[{"tags":null,"resizeToFit":false,"textWrapping":0,"text":"g: aceleração da gravidade (m/s²) ","textHorizontalAlignment":2,"textVerticalAlignment":2,"lineSpacing":"0px","outlineWidth":0,"underline":false,"lineThrough":false,"applyOutlineToUnderline":false,"outlineColor":"white","wordDivider":" ","forceResizeWidth":false,"metadata":{"_previousCenter":{"x":-12.989999771118164,"y":32.375},"localBounds":{"left":-300.83,"top":-23.7133,"right":215.27184999999997,"bottom":23.7133},"storedValues":{"left":43.650600000000004,"top":160.225,"right":474.19429999999994,"bottom":207.6516}},"isHitTestVisible":true,"isPointerBlocker":true,"isFocusInvisible":false,"clipChildren":true,"clipContent":true,"useBitmapCache":false,"shadowOffsetX":0,"shadowOffsetY":0,"shadowBlur":0,"shadowColor":"#DC5F00","hoverCursor":"","fontOffset":{"ascent":15,"height":20,"descent":5},"alpha":1,"isSerializable":true,"scaleX":1,"scaleY":1,"rotation":0,"transformCenterY":0.5,"transformCenterX":0.5,"horizontalAlignment":2,"verticalAlignment":0,"fixedRatio":0,"fixedRatioMasterIsWidth":true,"width":"96.65%","height":"32.56%","color":"#373A40FF","zIndex":0,"notRenderable":false,"isVisible":true,"descendantsOnlyPadding":false,"paddingLeft":"0px","paddingRight":"0px","paddingTop":"0px","paddingBottom":"0px","left":"-4.23%","top":"69.3%","linkOffsetX":"0px","linkOffsetY":"0px","isEnabled":true,"disabledColor":"#9a9a9a","disabledColorItem":"#6a6a6a","name":"TextBlockQuarter","className":"TextBlock","fontSize":"18.32%"},{"tags":null,"resizeToFit":false,"textWrapping":0,"text":"T: período (s), L: comprimento (m)","textHorizontalAlignment":2,"textVerticalAlignment":2,"lineSpacing":"0px","outlineWidth":0,"underline":false,"lineThrough":false,"applyOutlineToUnderline":false,"outlineColor":"white","wordDivider":" ","forceResizeWidth":false,"metadata":{"_previousCenter":{"x":-13.99429988861084,"y":13.481650352478027},"localBounds":{"left":-162.50445,"top":-10.55,"right":162.50445,"bottom":14.715200000000001},"storedValues":{"left":-2.648,"top":52.1424,"right":322.36089999999996,"bottom":81.5728}},"isHitTestVisible":true,"isPointerBlocker":true,"isFocusInvisible":false,"clipChildren":true,"clipContent":true,"useBitmapCache":false,"shadowOffsetX":0,"shadowOffsetY":0,"shadowBlur":0,"shadowColor":"#EEEEEE","hoverCursor":"","fontOffset":{"ascent":15,"height":20,"descent":5},"alpha":1,"isSerializable":true,"scaleX":1,"scaleY":1,"rotation":0,"transformCenterY":0.5,"transformCenterX":0.5,"horizontalAlignment":2,"verticalAlignment":0,"fixedRatio":0,"fixedRatioMasterIsWidth":false,"width":"99.97%","height":"25.989999999999995%","color":"#373A40FF","zIndex":0,"notRenderable":false,"isVisible":true,"descendantsOnlyPadding":false,"paddingLeft":"0px","paddingRight":"0px","paddingTop":"0px","paddingBottom":"0px","left":"-4.53%","top":"51.82%","linkOffsetX":"0px","linkOffsetY":"0px","isEnabled":true,"disabledColor":"#9a9a9a","disabledColorItem":"#6a6a6a","name":"TextBlockThird","className":"TextBlock","fontSize":"18.32%"},{"tags":null,"resizeToFit":false,"textWrapping":0,"text":"O pêndulo maior tem 22 m e o menor 6 m.","textHorizontalAlignment":2,"textVerticalAlignment":2,"lineSpacing":"0px","outlineWidth":0,"underline":false,"lineThrough":false,"applyOutlineToUnderline":false,"outlineColor":"white","wordDivider":" ","forceResizeWidth":false,"metadata":{"_previousCenter":{"x":1.9599000215530396,"y":-6.052499771118164},"localBounds":{"left":-145.19315,"top":-11.83455,"right":182.06,"bottom":11.83455},"storedValues":{"left":-17.4768,"top":-7.0525,"right":272.9095,"bottom":16.6166}},"isHitTestVisible":true,"isPointerBlocker":true,"isFocusInvisible":false,"clipChildren":true,"clipContent":true,"useBitmapCache":false,"shadowOffsetX":0,"shadowOffsetY":0,"shadowBlur":0,"shadowColor":"black","hoverCursor":"","fontOffset":{"ascent":15,"height":20,"descent":5},"alpha":1,"isSerializable":true,"scaleX":1,"scaleY":1,"rotation":0,"transformCenterY":0.5,"transformCenterX":0.5,"horizontalAlignment":2,"verticalAlignment":2,"fixedRatio":0,"fixedRatioMasterIsWidth":false,"width":"98.87%","height":"26.009999999999998%","color":"#373A40FF","zIndex":0,"notRenderable":false,"isVisible":true,"descendantsOnlyPadding":false,"paddingLeft":"0px","paddingRight":"0px","paddingTop":"0px","paddingBottom":"0px","left":"0.29%","top":"-7.75%","linkOffsetX":"0px","linkOffsetY":"0px","isEnabled":true,"disabledColor":"#9a9a9a","disabledColorItem":"#6a6a6a","name":"TextblockSecond","className":"TextBlock","fontSize":"18.32%"},{"tags":null,"resizeToFit":false,"textWrapping":0,"text":"T = 2π √(L / g)","textHorizontalAlignment":2,"textVerticalAlignment":2,"lineSpacing":"0px","outlineWidth":0,"underline":false,"lineThrough":false,"applyOutlineToUnderline":false,"outlineColor":"white","wordDivider":" ","forceResizeWidth":false,"metadata":{"_previousCenter":{"x":1,"y":-31.299449920654297},"localBounds":{"left":-170.4,"top":-13.2192,"right":146.4013,"bottom":13.2192},"storedValues":{"left":14.2661,"top":38.3656,"right":307.0687,"bottom":64.804}},"isHitTestVisible":true,"isPointerBlocker":true,"isFocusInvisible":false,"clipChildren":true,"clipContent":true,"useBitmapCache":false,"shadowOffsetX":0,"shadowOffsetY":0,"shadowBlur":0,"shadowColor":"#EEEEEE","hoverCursor":"","fontOffset":{"ascent":15,"height":20,"descent":5},"alpha":1,"isSerializable":true,"scaleX":1,"scaleY":1,"rotation":0,"transformCenterY":0.5,"transformCenterX":0.5,"horizontalAlignment":2,"verticalAlignment":0,"fixedRatio":0,"fixedRatioMasterIsWidth":false,"width":"97.45%","height":"29.51%","color":"#373A40FF","zIndex":0,"notRenderable":false,"isVisible":true,"descendantsOnlyPadding":false,"paddingLeft":"0px","paddingRight":"0px","paddingTop":"0px","paddingBottom":"0px","left":"0%","top":"0.8500000000000001%","linkOffsetX":"0px","linkOffsetY":"0px","isEnabled":true,"disabledColor":"#9a9a9a","disabledColorItem":"#6a6a6a","name":"TextBlockFirst","className":"TextBlock","fontSize":"18.32%"}]},{"tags":null,"thickness":1,"cornerRadius":7,"cornerRadiusX":7,"cornerRadiusY":7,"cornerRadiusZ":7,"cornerRadiusW":7,"delegatePickingToChildren":false,"renderToIntermediateTexture":false,"maxLayoutCycle":3,"adaptHeightToChildren":false,"adaptWidthToChildren":false,"background":"#B43F3FFF","metadata":{"_previousCenter":{"x":141.22630310058594,"y":275.71148681640625},"localBounds":{"left":-39.37,"top":-34.74,"right":28.57545,"bottom":25.2},"storedValues":{"left":-23.497200000000003,"top":-14.688,"right":33.6537,"bottom":35.711999999999996}},"isHitTestVisible":true,"isPointerBlocker":true,"isFocusInvisible":false,"clipChildren":true,"clipContent":true,"useBitmapCache":false,"shadowOffsetX":0,"shadowOffsetY":0,"shadowBlur":0,"shadowColor":"black","hoverCursor":"","fontOffset":{"ascent":39,"height":49,"descent":10},"alpha":1,"isSerializable":true,"scaleX":1,"scaleY":1,"rotation":0,"transformCenterY":0.5,"transformCenterX":0.5,"horizontalAlignment":1,"verticalAlignment":1,"fixedRatio":0,"fixedRatioMasterIsWidth":false,"width":"12.38%","height":"6.24%","color":"#000000FF","zIndex":0,"notRenderable":false,"isVisible":true,"descendantsOnlyPadding":false,"paddingLeft":"0px","paddingRight":"0px","paddingTop":"0px","paddingBottom":"0px","left":"-1.7000000000000002%","top":"-0.71%","linkOffsetX":"0px","linkOffsetY":"0px","isEnabled":true,"disabledColor":"#9a9a9a","disabledColorItem":"#6a6a6a","name":"ButtonMenu","className":"Button","fontSize":"7.290000000000001%","children":[{"tags":null,"resizeToFit":false,"textWrapping":0,"text":"⌂","textHorizontalAlignment":2,"textVerticalAlignment":1,"lineSpacing":"0px","outlineWidth":0,"underline":false,"lineThrough":false,"applyOutlineToUnderline":false,"outlineColor":"white","wordDivider":" ","forceResizeWidth":false,"metadata":{"_previousCenter":{"x":0.9883000003173947,"y":0.7095000147819519},"localBounds":{"left":-59.5,"top":-25.04075,"right":59.5,"bottom":15.77},"storedValues":{"left":0,"top":7.658799999999999,"right":119,"bottom":57.7403}},"isHitTestVisible":true,"isPointerBlocker":false,"isFocusInvisible":false,"clipChildren":true,"clipContent":true,"useBitmapCache":false,"shadowOffsetX":0,"shadowOffsetY":0,"shadowBlur":0,"shadowColor":"#000000","hoverCursor":"","fontOffset":{"ascent":14,"height":18,"descent":4},"alpha":1,"isSerializable":true,"scaleX":1,"scaleY":1,"rotation":0,"transformCenterY":0.5,"transformCenterX":0.5,"horizontalAlignment":2,"verticalAlignment":2,"fixedRatio":0,"fixedRatioMasterIsWidth":false,"width":"101.68000000000002%","height":"104.39%","color":"#F8EDEDFF","zIndex":0,"notRenderable":false,"isVisible":true,"descendantsOnlyPadding":false,"paddingLeft":"0px","paddingRight":"0px","paddingTop":"0%","paddingBottom":"0px","left":"-0.03%","top":"-0.83%","linkOffsetX":"0px","linkOffsetY":"0px","isEnabled":true,"disabledColor":"#9a9a9a","disabledColorItem":"#6a6a6a","name":"Button_button","className":"TextBlock","fontSize":"52.61%","fontWeight":"1'"}],"textBlockName":"Button_button"},{"tags":null,"thickness":2,"cornerRadius":0,"cornerRadiusX":0,"cornerRadiusY":0,"cornerRadiusZ":0,"cornerRadiusW":0,"delegatePickingToChildren":false,"renderToIntermediateTexture":false,"maxLayoutCycle":3,"adaptHeightToChildren":false,"adaptWidthToChildren":false,"background":"#EEEEEEFF","metadata":{"_previousCenter":{"x":1,"y":139.4564971923828},"localBounds":{"left":-274.5,"top":-54.14,"right":274.5,"bottom":132.288},"storedValues":{"left":-0.003968227792935153,"top":279.7114434416651,"right":548.9960317722071,"bottom":544.2874434416651}},"isHitTestVisible":true,"isPointerBlocker":true,"isFocusInvisible":false,"clipChildren":true,"clipContent":true,"useBitmapCache":false,"shadowOffsetX":0,"shadowOffsetY":0,"shadowBlur":0,"shadowColor":"black","hoverCursor":"","fontOffset":{"ascent":10,"height":14,"descent":4},"alpha":1,"isSerializable":true,"scaleX":1,"scaleY":1,"rotation":0,"transformCenterY":0.5,"transformCenterX":0.5,"horizontalAlignment":2,"verticalAlignment":1,"fixedRatio":0,"fixedRatioMasterIsWidth":true,"width":"100%","height":"19.42%","color":"#FFFFFFFF","zIndex":0,"notRenderable":false,"isVisible":true,"descendantsOnlyPadding":false,"paddingLeft":"0px","paddingRight":"0px","paddingTop":"0px","paddingBottom":"0px","left":"0%","top":"-17.02%","linkOffsetX":"0px","linkOffsetY":"0px","isEnabled":true,"disabledColor":"#9a9a9a","disabledColorItem":"#6a6a6a","name":"RectangleGame","className":"Rectangle","fontSize":"1.8799999999999997%","children":[{"tags":null,"resizeToFit":false,"textWrapping":1,"text":"Goals: 0","textHorizontalAlignment":2,"textVerticalAlignment":2,"lineSpacing":"0px","outlineWidth":0,"underline":false,"lineThrough":false,"applyOutlineToUnderline":false,"outlineColor":"white","wordDivider":" ","forceResizeWidth":false,"metadata":{"_previousCenter":{"x":1,"y":-5.216000080108643},"localBounds":{"left":-276.83,"top":-22.975,"right":229.24769999999998,"bottom":22.975},"storedValues":{"left":25.47,"top":-10.31,"right":483.96539999999993,"bottom":35.64}},"isHitTestVisible":true,"isPointerBlocker":true,"isFocusInvisible":false,"clipChildren":true,"clipContent":true,"useBitmapCache":false,"shadowOffsetX":0,"shadowOffsetY":0,"shadowBlur":0,"shadowColor":"black","hoverCursor":"","fontOffset":{"ascent":16,"height":21,"descent":5},"alpha":1,"isSerializable":true,"scaleX":1,"scaleY":1,"rotation":0,"transformCenterY":0.5,"transformCenterX":0.5,"horizontalAlignment":2,"verticalAlignment":2,"fixedRatio":0,"fixedRatioMasterIsWidth":false,"width":"92.52%","height":"24.97%","color":"#000000","zIndex":0,"notRenderable":false,"isVisible":true,"descendantsOnlyPadding":false,"paddingLeft":"0px","paddingRight":"0px","paddingTop":"0px","paddingBottom":"0px","left":"0%","top":"-5.6%","linkOffsetX":"0px","linkOffsetY":"0px","isEnabled":true,"disabledColor":"#9a9a9a","disabledColorItem":"#6a6a6a","name":"TextblockTotalScore","className":"TextBlock","fontSize":"16.3%"},{"tags":null,"resizeToFit":false,"textWrapping":0,"text":"Bola fora!","textHorizontalAlignment":2,"textVerticalAlignment":2,"lineSpacing":"0px","outlineWidth":0,"underline":false,"lineThrough":false,"applyOutlineToUnderline":false,"outlineColor":"white","wordDivider":" ","forceResizeWidth":false,"metadata":{"_previousCenter":{"x":1,"y":-31.645099639892578},"localBounds":{"left":-170.8,"top":-11.888100000000001,"right":134.36360000000002,"bottom":11.888100000000001},"storedValues":{"left":19.5097,"top":-37.4292,"right":288.23690000000005,"bottom":-13.652999999999999}},"isHitTestVisible":true,"isPointerBlocker":true,"isFocusInvisible":false,"clipChildren":true,"clipContent":true,"useBitmapCache":false,"shadowOffsetX":0,"shadowOffsetY":0,"shadowBlur":0,"shadowColor":"black","hoverCursor":"","fontOffset":{"ascent":16,"height":21,"descent":5},"alpha":1,"isSerializable":true,"scaleX":1,"scaleY":1,"rotation":0,"transformCenterY":0.5,"transformCenterX":0.5,"horizontalAlignment":2,"verticalAlignment":2,"fixedRatio":0,"fixedRatioMasterIsWidth":false,"width":"92.75%","height":"21.42%","color":"#000000","zIndex":0,"notRenderable":false,"isVisible":true,"descendantsOnlyPadding":false,"paddingLeft":"0px","paddingRight":"0px","paddingTop":"0px","paddingBottom":"0px","left":"0%","top":"-29.410000000000004%","linkOffsetX":"0px","linkOffsetY":"0px","isEnabled":true,"disabledColor":"#9a9a9a","disabledColorItem":"#6a6a6a","name":"TextblockScoreGame","className":"TextBlock","fontSize":"16.3%"},{"tags":null,"thickness":1,"cornerRadius":12,"cornerRadiusX":12,"cornerRadiusY":12,"cornerRadiusZ":12,"cornerRadiusW":12,"delegatePickingToChildren":false,"renderToIntermediateTexture":false,"maxLayoutCycle":3,"adaptHeightToChildren":false,"adaptWidthToChildren":false,"background":"#0E3C01FF","metadata":{"_previousCenter":{"x":1,"y":26.50979995727539},"localBounds":{"left":-60.74985,"top":-14.973899999999999,"right":23.82,"bottom":14.973899999999999},"storedValues":{"left":0,"top":-9.024300000000002,"right":121.4997,"bottom":20.923499999999997}},"isHitTestVisible":true,"isPointerBlocker":true,"isFocusInvisible":false,"clipChildren":true,"clipContent":true,"useBitmapCache":false,"shadowOffsetX":2.9,"shadowOffsetY":2.8,"shadowBlur":0,"shadowColor":"#C1FFB0FF","hoverCursor":"","fontOffset":{"ascent":15,"height":19,"descent":4},"alpha":0.9,"isSerializable":true,"scaleX":1,"scaleY":1,"rotation":0,"transformCenterY":0.5,"transformCenterX":0.5,"horizontalAlignment":2,"verticalAlignment":1,"fixedRatio":0,"fixedRatioMasterIsWidth":false,"width":"25.71%","height":"26.979999999999997%","color":"#000000FF","zIndex":0,"notRenderable":false,"isVisible":true,"descendantsOnlyPadding":false,"paddingLeft":"0px","paddingRight":"0px","paddingTop":"0px","paddingBottom":"0px","left":"0%","top":"-15.329999999999998%","linkOffsetX":"0px","linkOffsetY":"0px","isEnabled":true,"disabledColor":"#9a9a9a","disabledColorItem":"#6a6a6a","name":"ButtonMenuContinuar","className":"Button","fontSize":"14.66%","children":[{"tags":null,"resizeToFit":false,"textWrapping":0,"text":"Reiniciar","textHorizontalAlignment":2,"textVerticalAlignment":2,"lineSpacing":"0px","outlineWidth":0,"underline":false,"lineThrough":false,"applyOutlineToUnderline":false,"outlineColor":"white","wordDivider":" ","forceResizeWidth":false,"metadata":{"_previousCenter":{"x":1,"y":2.2905999422073364},"localBounds":{"left":-84.96475000000001,"top":-15.6546,"right":84.96475000000001,"bottom":10.93},"storedValues":{"left":-1.1492,"top":3.6503999999999994,"right":168.7803,"bottom":34.9596}},"isHitTestVisible":true,"isPointerBlocker":false,"isFocusInvisible":false,"clipChildren":true,"clipContent":true,"useBitmapCache":false,"shadowOffsetX":0,"shadowOffsetY":0,"shadowBlur":0,"shadowColor":"#000000","hoverCursor":"","fontOffset":{"ascent":14,"height":18,"descent":4},"alpha":1,"isSerializable":true,"scaleX":1,"scaleY":1,"rotation":0,"transformCenterY":0.5,"transformCenterX":0.5,"horizontalAlignment":2,"verticalAlignment":2,"fixedRatio":0,"fixedRatioMasterIsWidth":false,"width":"100.55000000000001%","height":"98.44%","color":"#EEEEEEFF","zIndex":0,"notRenderable":false,"isVisible":true,"descendantsOnlyPadding":false,"paddingLeft":"0px","paddingRight":"0px","paddingTop":"0%","paddingBottom":"0px","left":"0%","top":"4.78%","linkOffsetX":"0px","linkOffsetY":"0px","isEnabled":true,"disabledColor":"#9a9a9a","disabledColorItem":"#6a6a6a","name":"Button_button","className":"TextBlock","fontSize":"47.37%","fontWeight":"1'"}],"textBlockName":"Button_button"}]},{"tags":null,"thickness":1,"cornerRadius":0,"cornerRadiusX":0,"cornerRadiusY":0,"cornerRadiusZ":0,"cornerRadiusW":0,"delegatePickingToChildren":false,"renderToIntermediateTexture":false,"maxLayoutCycle":3,"adaptHeightToChildren":false,"adaptWidthToChildren":false,"background":"#326539FF","metadata":{"_previousCenter":{"x":1,"y":1},"localBounds":{"left":-270,"top":-431.13,"right":270,"bottom":420.432},"storedValues":{"left":0,"top":59.57,"right":540,"bottom":900.4340000000001}},"isHitTestVisible":true,"isPointerBlocker":true,"isFocusInvisible":false,"clipChildren":true,"clipContent":true,"useBitmapCache":false,"shadowOffsetX":0,"shadowOffsetY":0,"shadowBlur":0,"shadowColor":"black","hoverCursor":"","alpha":0.85,"isSerializable":true,"scaleX":1,"scaleY":1,"rotation":0,"transformCenterY":0.5,"transformCenterX":0.5,"horizontalAlignment":2,"verticalAlignment":2,"fixedRatio":0,"fixedRatioMasterIsWidth":false,"width":"100%","height":"100%","color":"#000000","zIndex":0,"notRenderable":false,"isVisible":false,"descendantsOnlyPadding":false,"paddingLeft":"0px","paddingRight":"0px","paddingTop":"0px","paddingBottom":"0px","left":"0px","top":"0px","linkOffsetX":"0px","linkOffsetY":"0px","isEnabled":true,"disabledColor":"#9a9a9a","disabledColorItem":"#6a6a6a","name":"RectangleMenu","className":"Rectangle","fontSize":"18px","children":[{"tags":null,"resizeToFit":false,"textWrapping":1,"text":"Pendulum Goal","textHorizontalAlignment":2,"textVerticalAlignment":2,"lineSpacing":"0px","outlineWidth":3.86,"underline":false,"lineThrough":false,"applyOutlineToUnderline":false,"outlineColor":"#0F3F05FF","wordDivider":" ","forceResizeWidth":false,"metadata":{"_previousCenter":{"x":-0.15849995613098145,"y":-186.50660705566406},"localBounds":{"left":-133.98,"top":-47.845,"right":133.98,"bottom":57.01},"storedValues":{"left":-20.69,"top":-187.42,"right":247.26999999999998,"bottom":-91.72999999999999}},"isHitTestVisible":true,"isPointerBlocker":true,"isFocusInvisible":false,"clipChildren":true,"clipContent":true,"useBitmapCache":false,"shadowOffsetX":-4,"shadowOffsetY":0,"shadowBlur":3,"shadowColor":"#373A40","hoverCursor":"","fontOffset":{"ascent":44,"height":53,"descent":9},"alpha":1,"isSerializable":true,"scaleX":1,"scaleY":1,"rotation":0,"transformCenterY":0.5,"transformCenterX":0.5,"horizontalAlignment":2,"verticalAlignment":2,"fixedRatio":0,"fixedRatioMasterIsWidth":false,"width":"80.95%","height":"17.68%","color":"#FFFFFFFF","zIndex":0,"notRenderable":false,"isVisible":true,"descendantsOnlyPadding":false,"paddingLeft":"0px","paddingRight":"0px","paddingTop":"0px","paddingBottom":"0px","left":"-0.35%","top":"-31.620000000000005%","linkOffsetX":"0px","linkOffsetY":"0px","isEnabled":true,"disabledColor":"#9a9a9a","disabledColorItem":"#6a6a6a","name":"TextblockTitle","className":"TextBlock","fontFamily":"Verdana","fontSize":"7.39%","fontStyle":"italic"},{"tags":null,"resizeToFit":false,"textWrapping":0,"text":"0","textHorizontalAlignment":2,"textVerticalAlignment":2,"lineSpacing":"0px","outlineWidth":0,"underline":false,"lineThrough":false,"applyOutlineToUnderline":false,"outlineColor":"white","wordDivider":" ","forceResizeWidth":false,"metadata":{"_previousCenter":{"x":1,"y":34.03010177612305},"localBounds":{"left":-143.05,"top":-30.569150000000004,"right":106.16825000000001,"bottom":30.569150000000004},"storedValues":{"left":0,"top":33.0301,"right":212.33650000000003,"bottom":94.1684}},"isHitTestVisible":true,"isPointerBlocker":true,"isFocusInvisible":false,"clipChildren":true,"clipContent":true,"useBitmapCache":false,"shadowOffsetX":0,"shadowOffsetY":0,"shadowBlur":0,"shadowColor":"black","hoverCursor":"","fontOffset":{"ascent":34,"height":43,"descent":9},"alpha":1,"isSerializable":true,"scaleX":1,"scaleY":1,"rotation":0,"transformCenterY":0.5,"transformCenterX":0.5,"horizontalAlignment":2,"verticalAlignment":2,"fixedRatio":0,"fixedRatioMasterIsWidth":false,"width":"75.29%","height":"10.31%","color":"#EEEEEEFF","zIndex":0,"notRenderable":false,"isVisible":true,"descendantsOnlyPadding":false,"paddingLeft":"0px","paddingRight":"0px","paddingTop":"0px","paddingBottom":"0px","left":"0%","top":"-2.9%","linkOffsetX":"0px","linkOffsetY":"0px","isEnabled":true,"disabledColor":"#9a9a9a","disabledColorItem":"#6a6a6a","name":"TextblockMenuBest","className":"TextBlock","fontSize":"6.260000000000001%"},{"tags":null,"resizeToFit":false,"textWrapping":0,"text":"Maior pontuação:","textHorizontalAlignment":2,"textVerticalAlignment":2,"lineSpacing":"0px","outlineWidth":0,"underline":false,"lineThrough":false,"applyOutlineToUnderline":false,"outlineColor":"white","wordDivider":" ","forceResizeWidth":false,"metadata":{"_previousCenter":{"x":1,"y":-55.572200775146484},"localBounds":{"left":-177.1733,"top":-38.3679,"right":204.98,"bottom":38.3679},"storedValues":{"left":-18.926199999999998,"top":-29.7938,"right":335.42040000000003,"bottom":46.94199999999999}},"isHitTestVisible":true,"isPointerBlocker":true,"isFocusInvisible":false,"clipChildren":true,"clipContent":true,"useBitmapCache":false,"shadowOffsetX":0,"shadowOffsetY":0,"shadowBlur":0,"shadowColor":"black","hoverCursor":"","fontOffset":{"ascent":22,"height":28,"descent":6},"alpha":1,"isSerializable":true,"scaleX":1,"scaleY":1,"rotation":0,"transformCenterY":0.5,"transformCenterX":0.5,"horizontalAlignment":2,"verticalAlignment":2,"fixedRatio":0,"fixedRatioMasterIsWidth":false,"width":"69.86%","height":"8.01%","color":"#EEEEEEFF","zIndex":0,"notRenderable":false,"isVisible":true,"descendantsOnlyPadding":false,"paddingLeft":"0px","paddingRight":"0px","paddingTop":"0px","paddingBottom":"0px","left":"0%","top":"-9.54%","linkOffsetX":"0px","linkOffsetY":"0px","isEnabled":true,"disabledColor":"#9a9a9a","disabledColorItem":"#6a6a6a","name":"TextblockMenuScore","className":"TextBlock","fontSize":"4.18%"},{"tags":null,"thickness":1,"cornerRadius":0,"cornerRadiusX":0,"cornerRadiusY":0,"cornerRadiusZ":0,"cornerRadiusW":0,"delegatePickingToChildren":false,"renderToIntermediateTexture":false,"maxLayoutCycle":3,"adaptHeightToChildren":false,"adaptWidthToChildren":false,"background":"#9E9D96FF","metadata":{"_previousCenter":{"x":1,"y":90.78019714355469},"localBounds":{"left":-99.3,"top":-20.19165,"right":175.45,"bottom":20.19165},"storedValues":{"left":-37.138200000000005,"top":89.78020000000001,"right":161.46179999999998,"bottom":130.1635}},"isHitTestVisible":true,"isPointerBlocker":true,"isFocusInvisible":false,"clipChildren":true,"clipContent":true,"useBitmapCache":false,"shadowOffsetX":10,"shadowOffsetY":10,"shadowBlur":0,"shadowColor":"#787373FF","hoverCursor":"","fontOffset":{"ascent":11,"height":15,"descent":4},"alpha":1,"isSerializable":true,"scaleX":1,"scaleY":1,"rotation":0,"transformCenterY":0.5,"transformCenterX":0.5,"horizontalAlignment":2,"verticalAlignment":2,"fixedRatio":0,"fixedRatioMasterIsWidth":true,"width":"93.82%","height":"6.81%","color":"#FFFFFFFF","zIndex":0,"notRenderable":false,"isVisible":true,"descendantsOnlyPadding":false,"paddingLeft":"0px","paddingRight":"0px","paddingTop":"0px","paddingBottom":"0px","left":"0%","top":"15.14%","linkOffsetX":"0px","linkOffsetY":"0px","isEnabled":true,"disabledColor":"#9a9a9a","disabledColorItem":"#6a6a6a","name":"ButtonMenuStartMoon","className":"Button","fontSize":"2.12%","children":[{"tags":null,"resizeToFit":false,"textWrapping":1,"text":"Lua:  g = 1,6 m/s²","textHorizontalAlignment":2,"textVerticalAlignment":2,"lineSpacing":"0px","outlineWidth":0,"underline":false,"lineThrough":false,"applyOutlineToUnderline":false,"outlineColor":"white","wordDivider":" ","forceResizeWidth":false,"metadata":{"_previousCenter":{"x":0.8911999985575676,"y":3.302799940109253},"localBounds":{"left":-80.5,"top":-29,"right":80.39,"bottom":29},"storedValues":{"left":0,"top":0,"right":161,"bottom":58}},"isHitTestVisible":true,"isPointerBlocker":false,"isFocusInvisible":false,"clipChildren":true,"clipContent":true,"useBitmapCache":false,"shadowOffsetX":0,"shadowOffsetY":0,"shadowBlur":0,"shadowColor":"black","hoverCursor":"","fontOffset":{"ascent":27,"height":34,"descent":7},"alpha":1,"isSerializable":true,"scaleX":1,"scaleY":1,"rotation":0,"transformCenterY":0.5,"transformCenterX":0.5,"horizontalAlignment":2,"verticalAlignment":2,"fixedRatio":0,"fixedRatioMasterIsWidth":false,"width":"99.93%","height":"100%","color":"#F8EDEDFF","zIndex":0,"notRenderable":false,"isVisible":true,"descendantsOnlyPadding":false,"paddingLeft":"0px","paddingRight":"0px","paddingTop":"0px","paddingBottom":"0px","left":"-0.04%","top":"6.06%","linkOffsetX":"0px","linkOffsetY":"0px","isEnabled":true,"disabledColor":"#9a9a9a","disabledColorItem":"#6a6a6a","name":"Button_button","className":"TextBlock","fontFamily":"Arial","fontSize":"78.95%"}],"textBlockName":"Button_button"},{"tags":null,"resizeToFit":false,"textWrapping":0,"text":"2024 © Rafael João Ribeiro ","textHorizontalAlignment":2,"textVerticalAlignment":2,"lineSpacing":"0px","outlineWidth":0,"underline":false,"lineThrough":false,"applyOutlineToUnderline":false,"outlineColor":"white","wordDivider":" ","forceResizeWidth":false,"metadata":{"_previousCenter":{"x":1,"y":190.52279663085938},"localBounds":{"left":-224.07855,"top":-23.662600000000005,"right":290.17,"bottom":23.662600000000005},"storedValues":{"left":-37.196000000000005,"top":306.1768,"right":410.9611,"bottom":353.502}},"isHitTestVisible":true,"isPointerBlocker":true,"isFocusInvisible":false,"clipChildren":true,"clipContent":true,"useBitmapCache":false,"shadowOffsetX":0,"shadowOffsetY":0,"shadowBlur":0,"shadowColor":"black","hoverCursor":"","fontOffset":{"ascent":17,"height":22,"descent":5},"alpha":1,"isSerializable":true,"scaleX":1,"scaleY":1,"rotation":0,"transformCenterY":0.5,"transformCenterX":0.5,"horizontalAlignment":2,"verticalAlignment":2,"fixedRatio":0,"fixedRatioMasterIsWidth":true,"width":"94.01%","height":"4.94%","color":"#EEEEEEFF","zIndex":0,"notRenderable":false,"isVisible":true,"descendantsOnlyPadding":false,"paddingLeft":"0px","paddingRight":"0px","paddingTop":"0px","paddingBottom":"0px","left":"0%","top":"36.37%","linkOffsetX":"0px","linkOffsetY":"0px","isEnabled":true,"disabledColor":"#9a9a9a","disabledColorItem":"#6a6a6a","name":"Textblock","className":"TextBlock","fontSize":"3.1300000000000003%"},{"tags":null,"resizeToFit":false,"textWrapping":0,"text":"Instituto Federal do Paraná (IFPR)","textHorizontalAlignment":2,"textVerticalAlignment":2,"lineSpacing":"0px","outlineWidth":0,"underline":false,"lineThrough":false,"applyOutlineToUnderline":false,"outlineColor":"#FFFFFFFF","wordDivider":" ","forceResizeWidth":false,"metadata":{"_previousCenter":{"x":1,"y":224.73890686035156},"localBounds":{"left":-252.6448,"top":-14.0934,"right":252.6448,"bottom":22.07},"storedValues":{"left":0,"top":252.98568840270468,"right":505.2896,"bottom":281.1724884027047}},"isHitTestVisible":true,"isPointerBlocker":true,"isFocusInvisible":false,"clipChildren":true,"clipContent":true,"useBitmapCache":false,"shadowOffsetX":0,"shadowOffsetY":0,"shadowBlur":0,"shadowColor":"black","hoverCursor":"","fontOffset":{"ascent":14,"height":18,"descent":4},"alpha":1,"isSerializable":true,"scaleX":1,"scaleY":1,"rotation":0,"transformCenterY":0.5,"transformCenterX":0.5,"horizontalAlignment":2,"verticalAlignment":2,"fixedRatio":0,"fixedRatioMasterIsWidth":false,"width":"93.92%","height":"4.26%","color":"#EEEEEEFF","zIndex":0,"notRenderable":false,"isVisible":true,"descendantsOnlyPadding":false,"paddingLeft":"0px","paddingRight":"0px","paddingTop":"0px","paddingBottom":"0px","left":"0%","top":"40.95%","linkOffsetX":"0px","linkOffsetY":"0px","isEnabled":true,"disabledColor":"#9a9a9a","disabledColorItem":"#6a6a6a","name":"Textblock","className":"TextBlock","fontSize":"2.6%"},{"tags":null,"resizeToFit":false,"textWrapping":0,"text":"www.fisicagames.com.br","textHorizontalAlignment":2,"textVerticalAlignment":2,"lineSpacing":"0px","outlineWidth":0,"underline":false,"lineThrough":false,"applyOutlineToUnderline":false,"outlineColor":"white","wordDivider":" ","forceResizeWidth":false,"metadata":{"_previousCenter":{"x":1,"y":268.7987976074219},"localBounds":{"left":-252.6448,"top":-14.0934,"right":252.6448,"bottom":35.5},"storedValues":{"left":0,"top":359.7213,"right":505.2896,"bottom":387.9081}},"isHitTestVisible":true,"isPointerBlocker":true,"isFocusInvisible":false,"clipChildren":true,"clipContent":true,"useBitmapCache":false,"shadowOffsetX":0,"shadowOffsetY":0,"shadowBlur":0,"shadowColor":"black","hoverCursor":"","fontOffset":{"ascent":19,"height":24,"descent":5},"alpha":1,"isSerializable":true,"scaleX":1,"scaleY":1,"rotation":0,"transformCenterY":0.5,"transformCenterX":0.5,"horizontalAlignment":2,"verticalAlignment":2,"fixedRatio":0,"fixedRatioMasterIsWidth":false,"width":"93.92%","height":"5.84%","color":"#EEEEEEFF","zIndex":0,"notRenderable":false,"isVisible":true,"descendantsOnlyPadding":false,"paddingLeft":"0px","paddingRight":"0px","paddingTop":"0px","paddingBottom":"0px","left":"0%","top":"45.16%","linkOffsetX":"0px","linkOffsetY":"0px","isEnabled":true,"disabledColor":"#9a9a9a","disabledColorItem":"#6a6a6a","name":"TextblockMenuLink","className":"TextBlock","fontSize":"3.53%"},{"tags":null,"resizeToFit":false,"textWrapping":0,"text":"🔊","textHorizontalAlignment":2,"textVerticalAlignment":2,"lineSpacing":"0px","outlineWidth":0,"underline":false,"lineThrough":false,"applyOutlineToUnderline":false,"outlineColor":"white","wordDivider":" ","forceResizeWidth":false,"metadata":{"_previousCenter":{"x":-41.599700927734375,"y":-272.0172119140625},"localBounds":{"left":-6.52,"top":-22.771199999999997,"right":51.4374,"bottom":22.771199999999997},"storedValues":{"left":-108.46870000000001,"top":-272.0684,"right":-5.593900000000019,"bottom":-226.526}},"isHitTestVisible":true,"isPointerBlocker":true,"isFocusInvisible":false,"clipChildren":true,"clipContent":true,"useBitmapCache":false,"shadowOffsetX":0,"shadowOffsetY":0,"shadowBlur":0,"shadowColor":"black","hoverCursor":"","fontOffset":{"ascent":27,"height":34,"descent":7},"alpha":1,"isSerializable":true,"scaleX":1,"scaleY":1,"rotation":0,"transformCenterY":0.5,"transformCenterX":0.5,"horizontalAlignment":2,"verticalAlignment":2,"fixedRatio":0,"fixedRatioMasterIsWidth":false,"width":"17.51%","height":"7.68%","color":"#F1E7B6FF","zIndex":0,"notRenderable":false,"isVisible":true,"descendantsOnlyPadding":false,"paddingLeft":"0px","paddingRight":"0px","paddingTop":"0px","paddingBottom":"0px","left":"-12.869999999999997%","top":"-46.04%","linkOffsetX":"0px","linkOffsetY":"0px","isEnabled":true,"disabledColor":"#9a9a9a","disabledColorItem":"#6a6a6a","name":"TextblockMenuMusic","className":"TextBlock","fontSize":"5%"},{"tags":null,"resizeToFit":false,"textWrapping":1,"text":"Objetivo: chute a bola e marque gols desviando dos pêndulos.","textHorizontalAlignment":2,"textVerticalAlignment":2,"lineSpacing":"0px","outlineWidth":0,"underline":false,"lineThrough":false,"applyOutlineToUnderline":false,"outlineColor":"white","wordDivider":" ","forceResizeWidth":false,"metadata":{"_previousCenter":{"x":1,"y":-82.61299896240234},"localBounds":{"left":-151.48215,"top":-40.94665,"right":143.78,"bottom":40.94665},"storedValues":{"left":8.407399999999999,"top":-83.61299999999999,"right":311.3717,"bottom":-1.719699999999989}},"isHitTestVisible":true,"isPointerBlocker":true,"isFocusInvisible":false,"clipChildren":true,"clipContent":true,"useBitmapCache":false,"shadowOffsetX":0,"shadowOffsetY":0,"shadowBlur":0,"shadowColor":"black","hoverCursor":"","fontOffset":{"ascent":16,"height":21,"descent":5},"alpha":1,"isSerializable":true,"scaleX":1,"scaleY":1,"rotation":0,"transformCenterY":0.5,"transformCenterX":0.5,"horizontalAlignment":2,"verticalAlignment":2,"fixedRatio":0,"fixedRatioMasterIsWidth":false,"width":"89.2%","height":"13.81%","color":"#EEEEEEFF","zIndex":0,"notRenderable":false,"isVisible":true,"descendantsOnlyPadding":false,"paddingLeft":"0px","paddingRight":"0px","paddingTop":"0px","paddingBottom":"0px","left":"0%","top":"-17.15%","linkOffsetX":"0px","linkOffsetY":"0px","isEnabled":true,"disabledColor":"#9a9a9a","disabledColorItem":"#6a6a6a","name":"TextblockMeta","className":"TextBlock","fontSize":"2.99%"},{"tags":null,"thickness":1,"cornerRadius":0,"cornerRadiusX":0,"cornerRadiusY":0,"cornerRadiusZ":0,"cornerRadiusW":0,"delegatePickingToChildren":false,"renderToIntermediateTexture":false,"maxLayoutCycle":3,"adaptHeightToChildren":false,"adaptWidthToChildren":false,"background":"#686D76FF","metadata":{"_previousCenter":{"x":112.64630126953125,"y":-275.69378662109375},"localBounds":{"left":-66.44,"top":-20,"right":84.415,"bottom":20},"storedValues":{"left":175.49265203731235,"top":-447.05,"right":344.32265203731237,"bottom":-407.05}},"isHitTestVisible":true,"isPointerBlocker":true,"isFocusInvisible":false,"clipChildren":true,"clipContent":true,"useBitmapCache":false,"shadowOffsetX":0,"shadowOffsetY":0,"shadowBlur":0,"shadowColor":"black","hoverCursor":"","fontOffset":{"ascent":10,"height":14,"descent":4},"alpha":1,"isSerializable":true,"scaleX":1,"scaleY":1,"rotation":0,"transformCenterY":0.5,"transformCenterX":0.5,"horizontalAlignment":2,"verticalAlignment":2,"fixedRatio":0,"fixedRatioMasterIsWidth":false,"width":"27.58%","height":"4.18%","color":"#ffffff","zIndex":0,"notRenderable":false,"isVisible":true,"descendantsOnlyPadding":false,"paddingLeft":"0px","paddingRight":"0px","paddingTop":"0px","paddingBottom":"0px","left":"33.73%","top":"-46.66%","linkOffsetX":"0px","linkOffsetY":"0px","isEnabled":true,"disabledColor":"#9a9a9a","disabledColorItem":"#6a6a6a","name":"ButtonLang","className":"Button","fontSize":"1.8799999999999997%","children":[{"tags":null,"resizeToFit":false,"textWrapping":1,"text":"ENGLISH","textHorizontalAlignment":2,"textVerticalAlignment":2,"lineSpacing":"0px","outlineWidth":0,"underline":false,"lineThrough":false,"applyOutlineToUnderline":false,"outlineColor":"#DC5F00FF","wordDivider":" ","forceResizeWidth":false,"metadata":{"_previousCenter":{"x":0.4700000286102295,"y":2.0010000467300415},"localBounds":{"left":-84.06,"top":-19,"right":83,"bottom":19},"storedValues":{"left":0,"top":0,"right":166,"bottom":38}},"isHitTestVisible":true,"isPointerBlocker":false,"isFocusInvisible":false,"clipChildren":true,"clipContent":true,"useBitmapCache":false,"shadowOffsetX":0,"shadowOffsetY":0,"shadowBlur":0,"shadowColor":"#DC5F00","hoverCursor":"","fontOffset":{"ascent":12,"height":16,"descent":4},"alpha":1,"isSerializable":true,"scaleX":1,"scaleY":1,"rotation":0,"transformCenterY":0.5,"transformCenterX":0.5,"horizontalAlignment":2,"verticalAlignment":2,"fixedRatio":0,"fixedRatioMasterIsWidth":false,"width":"100.64%","height":"99.98%","color":"#FFFFFFFF","zIndex":0,"notRenderable":false,"isVisible":true,"descendantsOnlyPadding":false,"paddingLeft":"0px","paddingRight":"0px","paddingTop":"0px","paddingBottom":"0px","left":"-0.53px","top":"4.55%","linkOffsetX":"0px","linkOffsetY":"0px","isEnabled":true,"disabledColor":"#9a9a9a","disabledColorItem":"#6a6a6a","name":"Button_button","className":"TextBlock","fontSize":"61.01%"}],"textBlockName":"Button_button"},{"tags":null,"resizeToFit":false,"textWrapping":0,"text":"Música:","textHorizontalAlignment":2,"textVerticalAlignment":2,"lineSpacing":"0px","outlineWidth":0,"underline":false,"lineThrough":false,"applyOutlineToUnderline":false,"outlineColor":"white","wordDivider":" ","forceResizeWidth":false,"metadata":{"localBounds":{"left":21.83,"top":-14.905,"right":112.685,"bottom":14.905},"storedValues":{"left":-127.05780860285279,"top":-272.9206517925858,"right":98.31219139714722,"bottom":-243.11065179258577},"_previousCenter":{"x":-101.48233795166016,"y":-274.2997131347656}},"isHitTestVisible":true,"isPointerBlocker":true,"isFocusInvisible":false,"clipChildren":true,"clipContent":true,"useBitmapCache":false,"shadowOffsetX":0,"shadowOffsetY":0,"shadowBlur":0,"shadowColor":"black","hoverCursor":"","fontOffset":{"ascent":18,"height":23,"descent":5},"alpha":1,"isSerializable":true,"scaleX":1,"scaleY":1,"rotation":0,"transformCenterY":0.5,"transformCenterX":0.5,"horizontalAlignment":2,"verticalAlignment":2,"fixedRatio":0,"fixedRatioMasterIsWidth":false,"width":"90.86px","height":"29.81px","color":"#FFFFFFFF","zIndex":0,"notRenderable":false,"isVisible":true,"descendantsOnlyPadding":false,"paddingLeft":"0px","paddingRight":"0px","paddingTop":"0px","paddingBottom":"0px","left":"-102.48234108221747px","top":"-275.2997242582576px","linkOffsetX":"0px","linkOffsetY":"0px","isEnabled":true,"disabledColor":"#9a9a9a","disabledColorItem":"#6a6a6a","name":"TextblockMusic","className":"TextBlock","fontSize":"20px"},{"tags":null,"thickness":1,"cornerRadius":0,"cornerRadiusX":0,"cornerRadiusY":0,"cornerRadiusZ":0,"cornerRadiusW":0,"delegatePickingToChildren":false,"renderToIntermediateTexture":false,"maxLayoutCycle":3,"adaptHeightToChildren":false,"adaptWidthToChildren":false,"background":"#0E3C01FF","metadata":{"_previousCenter":{"x":1,"y":33.9114990234375},"localBounds":{"left":-139.76475,"top":-20.19165,"right":139.76475,"bottom":20.19},"storedValues":{"left":0,"top":32.911500000000004,"right":279.5295,"bottom":73.29480000000001}},"isHitTestVisible":true,"isPointerBlocker":true,"isFocusInvisible":false,"clipChildren":true,"clipContent":true,"useBitmapCache":false,"shadowOffsetX":10,"shadowOffsetY":10,"shadowBlur":0,"shadowColor":"#787373FF","hoverCursor":"","fontOffset":{"ascent":11,"height":15,"descent":4},"alpha":1,"isSerializable":true,"scaleX":1,"scaleY":1,"rotation":0,"transformCenterY":0.5,"transformCenterX":0.5,"horizontalAlignment":2,"verticalAlignment":2,"fixedRatio":0,"fixedRatioMasterIsWidth":true,"width":"93.82%","height":"6.81%","color":"#FFFFFFFF","zIndex":0,"notRenderable":false,"isVisible":true,"descendantsOnlyPadding":false,"paddingLeft":"0px","paddingRight":"0px","paddingTop":"0px","paddingBottom":"0px","left":"0%","top":"5.55%","linkOffsetX":"0px","linkOffsetY":"0px","isEnabled":true,"disabledColor":"#9a9a9a","disabledColorItem":"#6a6a6a","name":"ButtonMenuStart","className":"Button","fontSize":"2.12%","children":[{"tags":null,"resizeToFit":false,"textWrapping":1,"text":"Terra: g = 9,8 m/s²","textHorizontalAlignment":2,"textVerticalAlignment":2,"lineSpacing":"0px","outlineWidth":0,"underline":false,"lineThrough":false,"applyOutlineToUnderline":false,"outlineColor":"white","wordDivider":" ","forceResizeWidth":false,"metadata":{"_previousCenter":{"x":1,"y":3.302799940109253},"localBounds":{"left":-80.5,"top":-29,"right":80.39,"bottom":29},"storedValues":{"left":0,"top":0,"right":161,"bottom":58}},"isHitTestVisible":true,"isPointerBlocker":false,"isFocusInvisible":false,"clipChildren":true,"clipContent":true,"useBitmapCache":false,"shadowOffsetX":0,"shadowOffsetY":0,"shadowBlur":0,"shadowColor":"black","hoverCursor":"","fontOffset":{"ascent":27,"height":34,"descent":7},"alpha":1,"isSerializable":true,"scaleX":1,"scaleY":1,"rotation":0,"transformCenterY":0.5,"transformCenterX":0.5,"horizontalAlignment":2,"verticalAlignment":2,"fixedRatio":0,"fixedRatioMasterIsWidth":false,"width":"99.93%","height":"100%","color":"#F8EDEDFF","zIndex":0,"notRenderable":false,"isVisible":true,"descendantsOnlyPadding":false,"paddingLeft":"0px","paddingRight":"0px","paddingTop":"0px","paddingBottom":"0px","left":"0%","top":"6.06%","linkOffsetX":"0px","linkOffsetY":"0px","isEnabled":true,"disabledColor":"#9a9a9a","disabledColorItem":"#6a6a6a","name":"Button_button","className":"TextBlock","fontFamily":"Arial","fontSize":"78.95%"}],"textBlockName":"Button_button"},{"tags":null,"thickness":1,"cornerRadius":0,"cornerRadiusX":0,"cornerRadiusY":0,"cornerRadiusZ":0,"cornerRadiusW":0,"delegatePickingToChildren":false,"renderToIntermediateTexture":false,"maxLayoutCycle":3,"adaptHeightToChildren":false,"adaptWidthToChildren":false,"background":"#C99039FF","metadata":{"_previousCenter":{"x":1,"y":152.57080078125},"localBounds":{"left":-151.6311,"top":-20.19165,"right":158.92,"bottom":20.19165},"storedValues":{"left":-1.4564000000000001,"top":148.25,"right":301.80580000000003,"bottom":188.6333}},"isHitTestVisible":true,"isPointerBlocker":true,"isFocusInvisible":false,"clipChildren":true,"clipContent":true,"useBitmapCache":false,"shadowOffsetX":10,"shadowOffsetY":10,"shadowBlur":0,"shadowColor":"#787373FF","hoverCursor":"","fontOffset":{"ascent":11,"height":15,"descent":4},"alpha":1,"isSerializable":true,"scaleX":1,"scaleY":1,"rotation":0,"transformCenterY":0.5,"transformCenterX":0.5,"horizontalAlignment":2,"verticalAlignment":2,"fixedRatio":0,"fixedRatioMasterIsWidth":false,"width":"93.82%","height":"6.81%","color":"#FFFFFFFF","zIndex":0,"notRenderable":false,"isVisible":true,"descendantsOnlyPadding":false,"paddingLeft":"0px","paddingRight":"0px","paddingTop":"0px","paddingBottom":"0px","left":"0%","top":"25.56%","linkOffsetX":"0px","linkOffsetY":"0px","isEnabled":true,"disabledColor":"#9a9a9a","disabledColorItem":"#6a6a6a","name":"ButtonMenuStartJupiter","className":"Button","fontSize":"2.12%","children":[{"tags":null,"resizeToFit":false,"textWrapping":1,"text":"Júpiter: g = 24,8 m/s²","textHorizontalAlignment":2,"textVerticalAlignment":2,"lineSpacing":"0px","outlineWidth":0,"underline":false,"lineThrough":false,"applyOutlineToUnderline":false,"outlineColor":"white","wordDivider":" ","forceResizeWidth":false,"metadata":{"_previousCenter":{"x":4.264800071716309,"y":3.2990000247955322},"localBounds":{"left":-128.85,"top":-19,"right":149.66775,"bottom":19},"storedValues":{"left":-7.3815,"top":2.299,"right":291.954,"bottom":40.299}},"isHitTestVisible":true,"isPointerBlocker":false,"isFocusInvisible":false,"clipChildren":true,"clipContent":true,"useBitmapCache":false,"shadowOffsetX":0,"shadowOffsetY":0,"shadowBlur":0,"shadowColor":"black","hoverCursor":"","fontOffset":{"ascent":27,"height":34,"descent":7},"alpha":1,"isSerializable":true,"scaleX":1,"scaleY":1,"rotation":0,"transformCenterY":0.5,"transformCenterX":0.5,"horizontalAlignment":2,"verticalAlignment":2,"fixedRatio":0,"fixedRatioMasterIsWidth":false,"width":"97.73%","height":"100%","color":"#F8EDEDFF","zIndex":0,"notRenderable":false,"isVisible":true,"descendantsOnlyPadding":false,"paddingLeft":"0px","paddingRight":"0px","paddingTop":"0px","paddingBottom":"0px","left":"1.06%","top":"6.05%","linkOffsetX":"0px","linkOffsetY":"0px","isEnabled":true,"disabledColor":"#9a9a9a","disabledColorItem":"#6a6a6a","name":"Button_button","className":"TextBlock","fontFamily":"Arial","fontSize":"78.95%"}],"textBlockName":"Button_button"}]}]},"width":333,"height":595}